{
    "RowStruct": "/Script/Icarus.ConsumableData",
    "Defaults": {
        "Stats": {},
        "Modifier": {
            "Modifier": {
                "RowName": "None",
                "DataTableName": "D_ModifierStates"
            },
            "ModifierLifetime": 10
        },
        "DescriptionText": "None",
        "Byproducts": []
    },
    "Rows": [
        {
            "Name": "BasicFood",
            "Stats": {
                "(Value=\"BaseFoodRecovery_+\")": 15,
                "(Value=\"BaseHealthRecovery_+\")": 5
            },
            "Modifier": {
                "Modifier": {
                    "RowName": "Test_FoodHot"
                },
                "ModifierLifetime": 15
            },
            "DescriptionText": "Can be placed in a Suit Food Slot to Auto Consume."
        },
        {
            "Name": "BasicWater",
            "Modifier": {
                "Modifier": {
                    "RowName": "Test_WaterCool"
                },
                "ModifierLifetime": 15
            },
            "DescriptionText": "Can be placed in a Suit Water Slot to Auto Consume."
        },
        {
            "Name": "BasicOxygen",
            "DescriptionText": "Can be placed in a Suit Oxygen Slot to Auto Consume."
        },
        {
            "Name": "AdvancedFood",
            "Stats": {
                "(Value=\"BaseFoodRecovery_+\")": 100,
                "(Value=\"BaseHealthRecovery_+\")": 15
            },
            "Modifier": {
                "Modifier": {
                    "RowName": "Test_FoodHot"
                },
                "ModifierLifetime": 15
            },
            "DescriptionText": "Can be placed in a Suit Food Slot to Auto Consume."
        },
        {
            "Name": "AdvancedWater",
            "Stats": {
                "(Value=\"BaseWaterRecovery_+\")": 100,
                "(Value=\"BaseUnitsConsumed_+\")": 200
            },
            "Modifier": {
                "Modifier": {
                    "RowName": "Test_WaterCool"
                },
                "ModifierLifetime": 15
            },
            "DescriptionText": "Can be placed in a Suit Water Slot to Auto Consume."
        },
        {
            "Name": "AdvancedOxygen",
            "Stats": {
                "(Value=\"BaseOxygenRecovery_+\")": 100,
                "(Value=\"BaseUnitsConsumed_+\")": 200
            },
            "DescriptionText": "Can be placed in a Suit Oxygen Slot to Auto Consume."
        },
        {
            "Name": "Canteen",
            "Stats": {
                "(Value=\"BaseWaterRecovery_+\")": 50,
                "(Value=\"BaseUnitsConsumed_+\")": 200
            },
            "Modifier": {
                "Modifier": {
                    "RowName": "Test_WaterCool"
                },
                "ModifierLifetime": 15
            }
        },
        {
            "Name": "Canteen_Shengong",
            "Stats": {
                "(Value=\"BaseWaterRecovery_+\")": 50,
                "(Value=\"BaseUnitsConsumed_+\")": 200
            },
            "Modifier": {
                "Modifier": {
                    "RowName": "Test_WaterCool"
                },
                "ModifierLifetime": 15
            }
        },
        {
            "Name": "Food_Berry",
            "Stats": {
                "(Value=\"BaseFoodRecovery_+\")": 4,
                "(Value=\"BaseWaterRecovery_+\")": 2
            },
            "Modifier": {
                "Modifier": {
                    "RowName": "Berry"
                },
                "ModifierLifetime": 600
            },
            "DescriptionText": "Can be placed in a Suit Food Slot to Auto Consume."
        },
        {
            "Name": "Oxygen_Oxite",
            "Stats": {
                "(Value=\"BaseOxygenRecovery_+\")": 9
            }
        },
        {
            "Name": "Oxygen_Bladder"
        },
        {
            "Name": "Oxygen_Tank"
        },
        {
            "Name": "Oxygen_Tank_Shengong"
        },
        {
            "Name": "Spoiled_Food",
            "Stats": {
                "(Value=\"BaseFoodRecovery_+\")": 15,
                "(Value=\"BaseHealthRecovery_+\")": -20
            },
            "Modifier": {
                "Modifier": {
                    "RowName": "Spoiled_Meat"
                },
                "ModifierLifetime": 300
            }
        },
        {
            "Name": "Drink_Sponge",
            "Stats": {
                "(Value=\"BaseWaterRecovery_+\")": 25,
                "(Value=\"BaseUnitsConsumed_+\")": 100
            },
            "Modifier": {
                "Modifier": {
                    "RowName": "Test_WaterCool"
                },
                "ModifierLifetime": 15
            }
        },
        {
            "Name": "Cooked_Meat",
            "Stats": {
                "(Value=\"BaseFoodRecovery_+\")": 100,
                "(Value=\"BaseHealthRecovery_+\")": 20
            },
            "Modifier": {
                "Modifier": {
                    "RowName": "CookedMeat"
                },
                "ModifierLifetime": 900
            },
            "DescriptionText": "Can be placed in a Suit Food Slot to Auto Consume."
        },
        {
            "Name": "Cooked_Fish",
            "Stats": {
                "(Value=\"BaseFoodRecovery_+\")": 80,
                "(Value=\"BaseHealthRecovery_+\")": 30
            },
            "Modifier": {
                "Modifier": {
                    "RowName": "CookedFish"
                },
                "ModifierLifetime": 600
            },
            "DescriptionText": "Can be placed in a Suit Food Slot to Auto Consume."
        },
        {
            "Name": "Raw_Meat",
            "Stats": {
                "(Value=\"BaseFoodRecovery_+\")": 20
            }
        },
        {
            "Name": "Raw_Fish",
            "Stats": {
                "(Value=\"BaseFoodRecovery_+\")": 15
            }
        },
        {
            "Name": "Food_Bread",
            "Stats": {
                "(Value=\"BaseFoodRecovery_+\")": 80,
                "(Value=\"BaseHealthRecovery_+\")": 10
            },
            "Modifier": {
                "Modifier": {
                    "RowName": "Bread"
                },
                "ModifierLifetime": 900
            },
            "DescriptionText": "Can be placed in a Suit Food Slot to Auto Consume."
        },
        {
            "Name": "Food_Flatbread",
            "Stats": {
                "(Value=\"BaseFoodRecovery_+\")": 50,
                "(Value=\"BaseHealthRecovery_+\")": 10
            },
            "Modifier": {
                "Modifier": {
                    "RowName": "FlatBread"
                },
                "ModifierLifetime": 900
            },
            "DescriptionText": "Can be placed in a Suit Food Slot to Auto Consume."
        },
        {
            "Name": "Drink_Beer",
            "Stats": {
                "(Value=\"BaseWaterRecovery_+\")": 40
            },
            "Modifier": {
                "Modifier": {
                    "RowName": "Beer"
                },
                "ModifierLifetime": 900
            },
            "Byproducts": [
                {
                    "RowName": "Glass_Bottle_Beer",
                    "DataTableName": "D_ItemTemplate"
                }
            ]
        },
        {
            "Name": "Drink_Wine",
            "Stats": {
                "(Value=\"BaseWaterRecovery_+\")": 40
            },
            "Modifier": {
                "Modifier": {
                    "RowName": "Wine"
                },
                "ModifierLifetime": 900
            },
            "Byproducts": [
                {
                    "RowName": "Glass_Bottle_Wine",
                    "DataTableName": "D_ItemTemplate"
                }
            ]
        },
        {
            "Name": "Thermos",
            "Modifier": {
                "Modifier": {
                    "RowName": "Test_WaterCool"
                },
                "ModifierLifetime": 15
            },
            "DescriptionText": "Can be placed in a Suit Water Slot to Auto Consume."
        },
        {
            "Name": "Thermos_IceWater",
            "Stats": {
                "(Value=\"BaseWaterRecovery_+\")": 100
            },
            "Modifier": {
                "Modifier": {
                    "RowName": "Thermos_IceWater"
                },
                "ModifierLifetime": 600
            },
            "DescriptionText": "Can be placed in a Suit Water Slot to Auto Consume.",
            "Byproducts": [
                {
                    "RowName": "Thermos",
                    "DataTableName": "D_ItemTemplate"
                }
            ]
        },
        {
            "Name": "Jerrycan",
            "Modifier": {
                "Modifier": {
                    "RowName": "Test_WaterCool"
                },
                "ModifierLifetime": 15
            }
        },
        {
            "Name": "VK1",
            "Stats": {
                "(Value=\"BaseFoodRecovery_+\")": 10
            },
            "Modifier": {
                "Modifier": {
                    "RowName": "Berry"
                }
            }
        },
        {
            "Name": "VK2",
            "Stats": {
                "(Value=\"BaseFoodRecovery_+\")": 10
            },
            "Modifier": {
                "Modifier": {
                    "RowName": "Berry"
                }
            }
        },
        {
            "Name": "VK3",
            "Stats": {
                "(Value=\"BaseFoodRecovery_+\")": 10
            },
            "Modifier": {
                "Modifier": {
                    "RowName": "Berry"
                }
            }
        },
        {
            "Name": "Bandage_Basic",
            "Modifier": {
                "Modifier": {
                    "RowName": "Bandage"
                },
                "ModifierLifetime": 1
            }
        },
        {
            "Name": "Paste_Health_Regen",
            "Modifier": {
                "Modifier": {
                    "RowName": "Health_Regen"
                },
                "ModifierLifetime": 60
            }
        },
        {
            "Name": "Paste_Health_Buff",
            "Modifier": {
                "Modifier": {
                    "RowName": "Health_Buff"
                },
                "ModifierLifetime": 60
            }
        },
        {
            "Name": "Paste_Health_Restore",
            "Stats": {
                "(Value=\"BaseHealthRecovery_+\")": 50
            }
        },
        {
            "Name": "Paste_Stamina_Regen",
            "Modifier": {
                "Modifier": {
                    "RowName": "Stamina_Regen"
                },
                "ModifierLifetime": 60
            }
        },
        {
            "Name": "Paste_Stamina_Buff",
            "Modifier": {
                "Modifier": {
                    "RowName": "Stamina_Buff"
                },
                "ModifierLifetime": 60
            }
        },
        {
            "Name": "Paste_Stamina_Restore",
            "Stats": {
                "(Value=\"BaseStaminaRecovery_+\")": 50
            }
        },
        {
            "Name": "Paste_Stamina_Consumption",
            "Modifier": {
                "Modifier": {
                    "RowName": "Stamina_Consumption"
                },
                "ModifierLifetime": 60
            }
        },
        {
            "Name": "Paste_Oxygen_Buff",
            "Modifier": {
                "Modifier": {
                    "RowName": "Oxygen_Buff"
                },
                "ModifierLifetime": 60
            }
        },
        {
            "Name": "Paste_Oxygen_Restore",
            "Stats": {
                "(Value=\"BaseOxygenRecovery_+\")": 100
            }
        },
        {
            "Name": "Meta_Oxygen_Gel",
            "Stats": {
                "(Value=\"BaseOxygenRecovery_+\")": 150
            }
        },
        {
            "Name": "Meta_Stamina_Gel",
            "Stats": {
                "(Value=\"BaseStaminaRecovery_+\")": 50
            }
        },
        {
            "Name": "Paste_Oxygen_Consumption",
            "Modifier": {
                "Modifier": {
                    "RowName": "Oxygen_Consumption"
                },
                "ModifierLifetime": 180
            }
        },
        {
            "Name": "Paste_Food_Consumption",
            "Modifier": {
                "Modifier": {
                    "RowName": "Food_Consumption"
                },
                "ModifierLifetime": 180
            }
        },
        {
            "Name": "Paste_Water_Consumption",
            "Modifier": {
                "Modifier": {
                    "RowName": "Water_Consumption"
                },
                "ModifierLifetime": 180
            }
        },
        {
            "Name": "Raw_Prime_Meat",
            "Stats": {
                "(Value=\"BaseFoodRecovery_+\")": 40
            }
        },
        {
            "Name": "Cooked_Prime_Meat",
            "Stats": {
                "(Value=\"BaseFoodRecovery_+\")": 150,
                "(Value=\"BaseHealthRecovery_+\")": 30
            },
            "Modifier": {
                "Modifier": {
                    "RowName": "Cooked_Prime_Meat"
                },
                "ModifierLifetime": 1200
            },
            "DescriptionText": "Can be placed in a Suit Food Slot to Auto Consume."
        },
        {
            "Name": "Food_Coconut",
            "Stats": {
                "(Value=\"BaseFoodRecovery_+\")": 2,
                "(Value=\"BaseWaterRecovery_+\")": 10
            },
            "Modifier": {
                "Modifier": {
                    "RowName": "Coconut"
                },
                "ModifierLifetime": 600
            },
            "DescriptionText": "Can be placed in a Suit Food Slot to Auto Consume."
        },
        {
            "Name": "Food_Coconut_Mid",
            "Stats": {
                "(Value=\"BaseFoodRecovery_+\")": 8,
                "(Value=\"BaseWaterRecovery_+\")": 8
            },
            "Modifier": {
                "Modifier": {
                    "RowName": "Coconut_Mid"
                },
                "ModifierLifetime": 600
            },
            "DescriptionText": "Can be placed in a Suit Food Slot to Auto Consume."
        },
        {
            "Name": "Food_Coconut_Mature",
            "Stats": {
                "(Value=\"BaseFoodRecovery_+\")": 10,
                "(Value=\"BaseWaterRecovery_+\")": 2
            },
            "Modifier": {
                "Modifier": {
                    "RowName": "Coconut_Mature"
                },
                "ModifierLifetime": 600
            },
            "DescriptionText": "Can be placed in a Suit Food Slot to Auto Consume."
        },
        {
            "Name": "Bandage_Heat",
            "Modifier": {
                "Modifier": {
                    "RowName": "Bandage_Heat"
                },
                "ModifierLifetime": 1
            }
        },
        {
            "Name": "Suture_Kit",
            "Modifier": {
                "Modifier": {
                    "RowName": "Suture_Kit"
                },
                "ModifierLifetime": 1
            }
        },
        {
            "Name": "Antipoison",
            "Modifier": {
                "ModifierLifetime": 1
            }
        },
        {
            "Name": "Antiparasitic",
            "Modifier": {
                "ModifierLifetime": 1
            }
        },
        {
            "Name": "Antiseptic",
            "Modifier": {
                "ModifierLifetime": 600
            }
        },
        {
            "Name": "BloodThinner",
            "Modifier": {
                "ModifierLifetime": 1
            }
        },
        {
            "Name": "Jam_Jar",
            "Stats": {
                "(Value=\"BaseFoodRecovery_+\")": 40
            },
            "Modifier": {
                "Modifier": {
                    "RowName": "Jar_Jam"
                },
                "ModifierLifetime": 900
            },
            "Byproducts": [
                {
                    "RowName": "Glass_Jar",
                    "DataTableName": "D_ItemTemplate"
                }
            ]
        },
        {
            "Name": "Splint",
            "Modifier": {
                "Modifier": {
                    "RowName": "Splint"
                },
                "ModifierLifetime": 0
            }
        },
        {
            "Name": "Antibiotic_Paste",
            "Modifier": {
                "Modifier": {
                    "RowName": "Antibiotic_Paste"
                },
                "ModifierLifetime": 0
            }
        },
        {
            "Name": "Antiparasitic_Paste",
            "Modifier": {
                "Modifier": {
                    "RowName": "Antparasitic_Paste"
                },
                "ModifierLifetime": 0
            }
        },
        {
            "Name": "Antipoison_Paste",
            "Modifier": {
                "Modifier": {
                    "RowName": "Antipoison_Paste"
                },
                "ModifierLifetime": 0
            }
        },
        {
            "Name": "Blood_Thinning_Paste",
            "Modifier": {
                "Modifier": {
                    "RowName": "Blood_Thinning_Paste"
                },
                "ModifierLifetime": 0
            }
        },
        {
            "Name": "Antibiotic_Tonic",
            "Modifier": {
                "Modifier": {
                    "RowName": "Antibiotic_Tonic"
                },
                "ModifierLifetime": 0
            }
        },
        {
            "Name": "Antiparasitic_Tonic",
            "Modifier": {
                "Modifier": {
                    "RowName": "Antiparasitic_Tonic"
                },
                "ModifierLifetime": 0
            }
        },
        {
            "Name": "Antipoison_Tonic",
            "Modifier": {
                "Modifier": {
                    "RowName": "Antipoison_Tonic"
                },
                "ModifierLifetime": 0
            }
        },
        {
            "Name": "Blood_Thinning_Tonic",
            "Modifier": {
                "Modifier": {
                    "RowName": "Blood_Thinning_Tonic"
                },
                "ModifierLifetime": 0
            }
        },
        {
            "Name": "Antibiotic_Pill",
            "Modifier": {
                "Modifier": {
                    "RowName": "Antibiotic_Pill"
                },
                "ModifierLifetime": 600
            }
        },
        {
            "Name": "Antiparasitic_Pill",
            "Modifier": {
                "Modifier": {
                    "RowName": "Antiparasitic_Pill"
                },
                "ModifierLifetime": 600
            }
        },
        {
            "Name": "Antipoison_Pill",
            "Modifier": {
                "Modifier": {
                    "RowName": "Antipoison_Pill"
                },
                "ModifierLifetime": 600
            }
        },
        {
            "Name": "Blood_Thinning_Pill",
            "Modifier": {
                "Modifier": {
                    "RowName": "Blood_Thinning_Pill"
                },
                "ModifierLifetime": 600
            }
        },
        {
            "Name": "Corn",
            "Stats": {
                "(Value=\"BaseFoodRecovery_+\")": 20
            }
        },
        {
            "Name": "Food_Ration",
            "Stats": {
                "(Value=\"BaseFoodRecovery_+\")": 100
            },
            "Modifier": {
                "Modifier": {
                    "RowName": "Meta_Ration"
                },
                "ModifierLifetime": 1200
            }
        },
        {
            "Name": "Meta_Soda",
            "Stats": {
                "(Value=\"BaseWaterRecovery_+\")": 100
            },
            "Modifier": {
                "Modifier": {
                    "RowName": "Meta_Soda"
                },
                "ModifierLifetime": 1200
            }
        },
        {
            "Name": "Super_Food_Ration",
            "Stats": {
                "(Value=\"BaseFoodRecovery_+\")": 200
            },
            "Modifier": {
                "Modifier": {
                    "RowName": "Meta_Ration"
                },
                "ModifierLifetime": 3600
            }
        },
        {
            "Name": "Raw_Food",
            "Stats": {
                "(Value=\"BaseFoodRecovery_+\")": 20
            },
            "Modifier": {
                "Modifier": {
                    "RowName": "Raw_Food"
                },
                "ModifierLifetime": 60
            }
        },
        {
            "Name": "Watermelon",
            "Stats": {
                "(Value=\"BaseFoodRecovery_+\")": 50,
                "(Value=\"BaseWaterRecovery_+\")": 60
            },
            "Modifier": {
                "Modifier": {
                    "RowName": "Watermelon"
                },
                "ModifierLifetime": 600
            }
        },
        {
            "Name": "Cooked_Corn",
            "Stats": {
                "(Value=\"BaseFoodRecovery_+\")": 50
            },
            "Modifier": {
                "Modifier": {
                    "RowName": "Cooked_Corn"
                },
                "ModifierLifetime": 600
            }
        },
        {
            "Name": "Cooked_Pumpkin",
            "Stats": {
                "(Value=\"BaseFoodRecovery_+\")": 50
            },
            "Modifier": {
                "Modifier": {
                    "RowName": "Cooked_Pumpkin"
                },
                "ModifierLifetime": 600
            }
        },
        {
            "Name": "Cooked_Squash",
            "Stats": {
                "(Value=\"BaseFoodRecovery_+\")": 50
            },
            "Modifier": {
                "Modifier": {
                    "RowName": "Cooked_Squash"
                },
                "ModifierLifetime": 600
            }
        },
        {
            "Name": "Cooked_Carrot",
            "Stats": {
                "(Value=\"BaseFoodRecovery_+\")": 50
            },
            "Modifier": {
                "Modifier": {
                    "RowName": "Cooked_Carrot"
                },
                "ModifierLifetime": 600
            }
        },
        {
            "Name": "Cooked_Mushroom",
            "Stats": {
                "(Value=\"BaseFoodRecovery_+\")": 50
            },
            "Modifier": {
                "Modifier": {
                    "RowName": "Cooked_Mushroom"
                },
                "ModifierLifetime": 600
            }
        },
        {
            "Name": "Corn_Soup",
            "Stats": {
                "(Value=\"BaseFoodRecovery_+\")": 100
            },
            "Modifier": {
                "Modifier": {
                    "RowName": "Corn_Soup"
                },
                "ModifierLifetime": 900
            }
        },
        {
            "Name": "Mushroom_Soup",
            "Stats": {
                "(Value=\"BaseFoodRecovery_+\")": 100
            },
            "Modifier": {
                "Modifier": {
                    "RowName": "Mushroom_Soup"
                },
                "ModifierLifetime": 900
            }
        },
        {
            "Name": "Fruit_Salad",
            "Stats": {
                "(Value=\"BaseFoodRecovery_+\")": 100
            },
            "Modifier": {
                "Modifier": {
                    "RowName": "Fruit_Salad"
                },
                "ModifierLifetime": 900
            }
        },
        {
            "Name": "Wild_Salad",
            "Stats": {
                "(Value=\"BaseFoodRecovery_+\")": 100
            },
            "Modifier": {
                "Modifier": {
                    "RowName": "Wild_Salad"
                },
                "ModifierLifetime": 900
            }
        },
        {
            "Name": "Meat_Stew",
            "Stats": {
                "(Value=\"BaseFoodRecovery_+\")": 100
            },
            "Modifier": {
                "Modifier": {
                    "RowName": "Meat_Stew"
                },
                "ModifierLifetime": 900
            }
        },
        {
            "Name": "Fried_Soy_Beans",
            "Stats": {
                "(Value=\"BaseFoodRecovery_+\")": 100
            },
            "Modifier": {
                "Modifier": {
                    "RowName": "Fried_Soy_Beans"
                },
                "ModifierLifetime": 900
            }
        },
        {
            "Name": "Fish_Dish",
            "Stats": {
                "(Value=\"BaseFoodRecovery_+\")": 100
            },
            "Modifier": {
                "Modifier": {
                    "RowName": "Fish_Dish"
                },
                "ModifierLifetime": 900
            }
        },
        {
            "Name": "Roast_Vegetables",
            "Stats": {
                "(Value=\"BaseFoodRecovery_+\")": 100
            },
            "Modifier": {
                "Modifier": {
                    "RowName": "Roasted_Vegetables"
                },
                "ModifierLifetime": 900
            }
        },
        {
            "Name": "Creamed_Corn",
            "Stats": {
                "(Value=\"BaseFoodRecovery_+\")": 100
            },
            "Modifier": {
                "Modifier": {
                    "RowName": "Creamed_Corn"
                },
                "ModifierLifetime": 900
            }
        },
        {
            "Name": "Fruit_Pie",
            "Stats": {
                "(Value=\"BaseFoodRecovery_+\")": 150
            },
            "Modifier": {
                "Modifier": {
                    "RowName": "Fruit_Pie"
                },
                "ModifierLifetime": 1200
            }
        },
        {
            "Name": "Meat_Pie",
            "Stats": {
                "(Value=\"BaseFoodRecovery_+\")": 150
            },
            "Modifier": {
                "Modifier": {
                    "RowName": "Meat_Pie"
                },
                "ModifierLifetime": 1200
            }
        },
        {
            "Name": "Vegetable_Pie",
            "Stats": {
                "(Value=\"BaseFoodRecovery_+\")": 150
            },
            "Modifier": {
                "Modifier": {
                    "RowName": "Vegetable_Pie"
                },
                "ModifierLifetime": 1200
            }
        },
        {
            "Name": "Pumpkin_Bread",
            "Stats": {
                "(Value=\"BaseFoodRecovery_+\")": 150
            },
            "Modifier": {
                "Modifier": {
                    "RowName": "Pumpkin_Bread"
                },
                "ModifierLifetime": 1200
            }
        },
        {
            "Name": "Crumbed_Fish_Fillet",
            "Stats": {
                "(Value=\"BaseFoodRecovery_+\")": 150
            },
            "Modifier": {
                "Modifier": {
                    "RowName": "Crumbed_Fish"
                },
                "ModifierLifetime": 1200
            }
        },
        {
            "Name": "Picked_Carrot",
            "Stats": {
                "(Value=\"BaseFoodRecovery_+\")": 150
            },
            "Modifier": {
                "Modifier": {
                    "RowName": "Picked_Carrot"
                },
                "ModifierLifetime": 1200
            },
            "Byproducts": [
                {
                    "RowName": "Glass_Jar",
                    "DataTableName": "D_ItemTemplate"
                }
            ]
        },
        {
            "Name": "Antibiotic_Vaccine_Alpha",
            "Modifier": {
                "Modifier": {
                    "RowName": "Antibiotic_Vaccine"
                },
                "ModifierLifetime": 3600
            }
        },
        {
            "Name": "Antibiotic_Vaccine_Beta",
            "Modifier": {
                "Modifier": {
                    "RowName": "Antibiotic_Vaccine"
                },
                "ModifierLifetime": 10800
            }
        },
        {
            "Name": "Antibiotic_Vaccine_Charlie",
            "Modifier": {
                "Modifier": {
                    "RowName": "Antibiotic_Vaccine"
                },
                "ModifierLifetime": 21600
            }
        },
        {
            "Name": "Antipoison_Vaccine_Alpha",
            "Modifier": {
                "Modifier": {
                    "RowName": "Antipoison_Vaccine"
                },
                "ModifierLifetime": 3600
            }
        },
        {
            "Name": "Antipoison_Vaccine_Beta",
            "Modifier": {
                "Modifier": {
                    "RowName": "Antipoison_Vaccine"
                },
                "ModifierLifetime": 10800
            }
        },
        {
            "Name": "Antipoison_Vaccine_Charlie",
            "Modifier": {
                "Modifier": {
                    "RowName": "Antipoison_Vaccine"
                },
                "ModifierLifetime": 21600
            }
        },
        {
            "Name": "Antiparasitic_Vaccine_Alpha",
            "Modifier": {
                "Modifier": {
                    "RowName": "Antiparasitic_Vaccine"
                },
                "ModifierLifetime": 3600
            }
        },
        {
            "Name": "Antiparasitic_Vaccine_Beta",
            "Modifier": {
                "Modifier": {
                    "RowName": "Antiparasitic_Vaccine"
                },
                "ModifierLifetime": 10800
            }
        },
        {
            "Name": "Antiparasitic_Vaccine_Charlie",
            "Modifier": {
                "Modifier": {
                    "RowName": "Antiparasitic_Vaccine"
                },
                "ModifierLifetime": 21600
            }
        },
        {
            "Name": "Blood_Thinning_Vaccine_Alpha",
            "Modifier": {
                "Modifier": {
                    "RowName": "Blood_Thinning_Vaccine"
                },
                "ModifierLifetime": 3600
            }
        },
        {
            "Name": "Blood_Thinning_Vaccine_Beta",
            "Modifier": {
                "Modifier": {
                    "RowName": "Blood_Thinning_Vaccine"
                },
                "ModifierLifetime": 10800
            }
        },
        {
            "Name": "Blood_Thinning_Vaccine_Charlie",
            "Modifier": {
                "Modifier": {
                    "RowName": "Blood_Thinning_Vaccine"
                },
                "ModifierLifetime": 21600
            }
        },
        {
            "Name": "Meta_Arrow_Set_Printed_Alpha",
            "Modifier": {
                "ModifierLifetime": 0
            },
            "Byproducts": [
                {
                    "RowName": "Meta_Arrow_Printed_Alpha_x5",
                    "DataTableName": "D_ItemTemplate"
                }
            ]
        },
        {
            "Name": "Meta_Arrow_Set_Printed_Beta",
            "Modifier": {
                "ModifierLifetime": 0
            },
            "Byproducts": [
                {
                    "RowName": "Meta_Arrow_Printed_Beta_x5",
                    "DataTableName": "D_ItemTemplate"
                }
            ]
        },
        {
            "Name": "Meta_Arrow_Set_Printed_Charlie",
            "Modifier": {
                "ModifierLifetime": 0
            },
            "Byproducts": [
                {
                    "RowName": "Meta_Arrow_Printed_Charlie_x5",
                    "DataTableName": "D_ItemTemplate"
                }
            ]
        },
        {
            "Name": "Meta_Arrow_Set_Shengong",
            "Modifier": {
                "ModifierLifetime": 0
            },
            "Byproducts": [
                {
                    "RowName": "Meta_Arrow_Shengong_x25",
                    "DataTableName": "D_ItemTemplate"
                }
            ]
        },
        {
            "Name": "Meta_Coal",
            "Modifier": {
                "ModifierLifetime": 0
            },
            "Byproducts": [
                {
                    "RowName": "Meta_Coal_x25",
                    "DataTableName": "D_ItemTemplate"
                }
            ]
        },
        {
            "Name": "Thermos_GreenTea_Drink",
            "Stats": {
                "(Value=\"BaseWaterRecovery_+\")": 300
            },
            "Modifier": {
                "Modifier": {
                    "RowName": "Thermos_GreenTea_Modifier"
                },
                "ModifierLifetime": 900
            },
            "Byproducts": [
                {
                    "RowName": "Thermos",
                    "DataTableName": "D_ItemTemplate"
                }
            ]
        },
        {
            "Name": "Thermos_WildTea_Drink",
            "Stats": {
                "(Value=\"BaseWaterRecovery_+\")": 300
            },
            "Modifier": {
                "Modifier": {
                    "RowName": "Thermos_WildTea_Modifier"
                },
                "ModifierLifetime": 900
            },
            "Byproducts": [
                {
                    "RowName": "Thermos",
                    "DataTableName": "D_ItemTemplate"
                }
            ]
        },
        {
            "Name": "Thermos_Cocoa_Drink",
            "Stats": {
                "(Value=\"BaseWaterRecovery_+\")": 300
            },
            "Modifier": {
                "Modifier": {
                    "RowName": "Thermos_Cocoa_Modifier"
                },
                "ModifierLifetime": 900
            },
            "Byproducts": [
                {
                    "RowName": "Thermos",
                    "DataTableName": "D_ItemTemplate"
                }
            ]
        },
        {
            "Name": "Thermos_Coffee_Drink",
            "Stats": {
                "(Value=\"BaseWaterRecovery_+\")": 300
            },
            "Modifier": {
                "Modifier": {
                    "RowName": "Thermos_Coffee_Modifier"
                },
                "ModifierLifetime": 900
            },
            "Byproducts": [
                {
                    "RowName": "Thermos",
                    "DataTableName": "D_ItemTemplate"
                }
            ]
        },
        {
            "Name": "Meta_Arrow_Set_Inaris_Alpha",
            "Modifier": {
                "ModifierLifetime": 0
            },
            "Byproducts": [
                {
                    "RowName": "Meta_Arrow_Inaris_Alpha_x25",
                    "DataTableName": "D_ItemTemplate"
                }
            ]
        },
        {
            "Name": "Meta_Corn_Seed",
            "Modifier": {
                "ModifierLifetime": 0
            },
            "Byproducts": [
                {
                    "RowName": "Corn_Pack",
                    "DataTableName": "D_ItemTemplate"
                }
            ]
        },
        {
            "Name": "Meta_Pumpkin_Seed",
            "Modifier": {
                "ModifierLifetime": 0
            },
            "Byproducts": [
                {
                    "RowName": "Pumpkin_Pack",
                    "DataTableName": "D_ItemTemplate"
                }
            ]
        },
        {
            "Name": "Meta_Squash_Seed",
            "Modifier": {
                "ModifierLifetime": 0
            },
            "Byproducts": [
                {
                    "RowName": "Squash_Pack",
                    "DataTableName": "D_ItemTemplate"
                }
            ]
        },
        {
            "Name": "Meta_Carrot_Seed",
            "Modifier": {
                "ModifierLifetime": 0
            },
            "Byproducts": [
                {
                    "RowName": "Carrot_Pack",
                    "DataTableName": "D_ItemTemplate"
                }
            ]
        },
        {
            "Name": "Meta_Mushroom_Seed",
            "Modifier": {
                "ModifierLifetime": 0
            },
            "Byproducts": [
                {
                    "RowName": "Mushroom_Pack",
                    "DataTableName": "D_ItemTemplate"
                }
            ]
        },
        {
            "Name": "Meta_Berry_Seed",
            "Modifier": {
                "ModifierLifetime": 0
            },
            "Byproducts": [
                {
                    "RowName": "Berry_Pack",
                    "DataTableName": "D_ItemTemplate"
                }
            ]
        },
        {
            "Name": "Meta_Wheat_Seed",
            "Modifier": {
                "ModifierLifetime": 0
            },
            "Byproducts": [
                {
                    "RowName": "Wheat_Pack",
                    "DataTableName": "D_ItemTemplate"
                }
            ]
        },
        {
            "Name": "Meta_Watermelon_Seed",
            "Modifier": {
                "ModifierLifetime": 0
            },
            "Byproducts": [
                {
                    "RowName": "Watermelon_Pack",
                    "DataTableName": "D_ItemTemplate"
                }
            ]
        },
        {
            "Name": "Meta_Bean_Seed",
            "Modifier": {
                "ModifierLifetime": 0
            },
            "Byproducts": [
                {
                    "RowName": "Bean_Pack",
                    "DataTableName": "D_ItemTemplate"
                }
            ]
        },
        {
            "Name": "Dried_Giant_Steak",
            "Stats": {
                "(Value=\"BaseFoodRecovery_+\")": 150,
                "(Value=\"BaseHealthRecovery_+\")": 30
            },
            "Modifier": {
                "Modifier": {
                    "RowName": "Dried_Giant_Steak"
                },
                "ModifierLifetime": 1200
            },
            "DescriptionText": "Can be placed in a Suit Food Slot to Auto Consume."
        },
        {
            "Name": "Dried_Fatty_Tbone",
            "Stats": {
                "(Value=\"BaseFoodRecovery_+\")": 150,
                "(Value=\"BaseHealthRecovery_+\")": 30
            },
            "Modifier": {
                "Modifier": {
                    "RowName": "Dried_Fatty_Tbone"
                },
                "ModifierLifetime": 1200
            },
            "DescriptionText": "Can be placed in a Suit Food Slot to Auto Consume."
        },
        {
            "Name": "Dried_Gamey_Meat",
            "Stats": {
                "(Value=\"BaseFoodRecovery_+\")": 150,
                "(Value=\"BaseHealthRecovery_+\")": 30
            },
            "Modifier": {
                "Modifier": {
                    "RowName": "Dried_Gamey_Meat"
                },
                "ModifierLifetime": 1200
            },
            "DescriptionText": "Can be placed in a Suit Food Slot to Auto Consume."
        },
        {
            "Name": "Dried_Stringy_Meat",
            "Stats": {
                "(Value=\"BaseFoodRecovery_+\")": 150,
                "(Value=\"BaseHealthRecovery_+\")": 30
            },
            "Modifier": {
                "Modifier": {
                    "RowName": "Dried_Stringy_Meat"
                },
                "ModifierLifetime": 1200
            },
            "DescriptionText": "Can be placed in a Suit Food Slot to Auto Consume."
        },
        {
            "Name": "Dried_Soft_Meat",
            "Stats": {
                "(Value=\"BaseFoodRecovery_+\")": 150,
                "(Value=\"BaseHealthRecovery_+\")": 30
            },
            "Modifier": {
                "Modifier": {
                    "RowName": "Dried_Soft_Meat"
                },
                "ModifierLifetime": 1200
            },
            "DescriptionText": "Can be placed in a Suit Food Slot to Auto Consume."
        },
        {
            "Name": "Dried_White_Meat",
            "Stats": {
                "(Value=\"BaseFoodRecovery_+\")": 150,
                "(Value=\"BaseHealthRecovery_+\")": 30
            },
            "Modifier": {
                "Modifier": {
                    "RowName": "Dried_White_Meat"
                },
                "ModifierLifetime": 1200
            },
            "DescriptionText": "Can be placed in a Suit Food Slot to Auto Consume."
        },
        {
            "Name": "Cooked_Bacon",
            "Stats": {
                "(Value=\"BaseFoodRecovery_+\")": 150,
                "(Value=\"BaseHealthRecovery_+\")": 30
            },
            "Modifier": {
                "Modifier": {
                    "RowName": "Cooked_Bacon"
                },
                "ModifierLifetime": 1200
            },
            "DescriptionText": "Can be placed in a Suit Food Slot to Auto Consume."
        },
        {
            "Name": "Crispy_Bacon",
            "Stats": {
                "(Value=\"BaseFoodRecovery_+\")": 150,
                "(Value=\"BaseHealthRecovery_+\")": 30
            },
            "Modifier": {
                "Modifier": {
                    "RowName": "Crispy_Bacon"
                },
                "ModifierLifetime": 1200
            },
            "DescriptionText": "Can be placed in a Suit Food Slot to Auto Consume."
        },
        {
            "Name": "Bandage_Cooling",
            "Modifier": {
                "Modifier": {
                    "RowName": "Bandage_Cooling"
                },
                "ModifierLifetime": 1
            }
        },
        {
            "Name": "Meta_Repair_Item_Pack",
            "Modifier": {
                "ModifierLifetime": 0
            },
            "Byproducts": [
                {
                    "RowName": "Meta_Repair_Item_x5",
                    "DataTableName": "D_ItemTemplate"
                }
            ]
        },
        {
            "Name": "Meta_Arrow_Set_Larkwell_Standard",
            "Modifier": {
                "ModifierLifetime": 0
            },
            "Byproducts": [
                {
                    "RowName": "Meta_Arrow_Larkwell_Standard_x25",
                    "DataTableName": "D_ItemTemplate"
                }
            ]
        },
        {
            "Name": "Meta_Arrow_Set_Larkwell_Bait",
            "Modifier": {
                "ModifierLifetime": 0
            },
            "Byproducts": [
                {
                    "RowName": "Meta_Arrow_Larkwell_Bait_x25",
                    "DataTableName": "D_ItemTemplate"
                }
            ]
        },
        {
            "Name": "Meta_Arrow_Set_Larkwell_Ballistic",
            "Modifier": {
                "ModifierLifetime": 0
            },
            "Byproducts": [
                {
                    "RowName": "Meta_Arrow_Larkwell_Ballistic_x25",
                    "DataTableName": "D_ItemTemplate"
                }
            ]
        },
        {
            "Name": "Meta_Arrow_Set_Larkwell_Bleed",
            "Modifier": {
                "ModifierLifetime": 0
            },
            "Byproducts": [
                {
                    "RowName": "Meta_Arrow_Larkwell_Bleed_x25",
                    "DataTableName": "D_ItemTemplate"
                }
            ]
        },
        {
            "Name": "Meta_Arrow_Set_Larkwell_Tazer",
            "Modifier": {
                "ModifierLifetime": 0
            },
            "Byproducts": [
                {
                    "RowName": "Meta_Arrow_Larkwell_Tazer_x25",
                    "DataTableName": "D_ItemTemplate"
                }
            ]
        },
        {
            "Name": "Meta_Arrow_Set_Larkwell_Whistling",
            "Modifier": {
                "ModifierLifetime": 0
            },
            "Byproducts": [
                {
                    "RowName": "Meta_Arrow_Larkwell_Whistling_x25",
                    "DataTableName": "D_ItemTemplate"
                }
            ]
        },
        {
            "Name": "Meta_Carepackage_Larkwell",
            "Modifier": {
                "ModifierLifetime": 0
            },
            "Byproducts": [
                {
                    "RowName": "Meta_Larkwell_Backpack_Beta",
                    "DataTableName": "D_ItemTemplate"
                },
                {
                    "RowName": "Meta_Carbon_Armor_Helmet_Alpha",
                    "DataTableName": "D_ItemTemplate"
                },
                {
                    "RowName": "Meta_Carbon_Armor_Chest_Alpha",
                    "DataTableName": "D_ItemTemplate"
                },
                {
                    "RowName": "Meta_Carbon_Armor_Arms_Alpha",
                    "DataTableName": "D_ItemTemplate"
                },
                {
                    "RowName": "Meta_Carbon_Armor_Legs_Alpha",
                    "DataTableName": "D_ItemTemplate"
                },
                {
                    "RowName": "Meta_Carbon_Armor_Feet_Alpha",
                    "DataTableName": "D_ItemTemplate"
                },
                {
                    "RowName": "Meta_Spear_Larkwell",
                    "DataTableName": "D_ItemTemplate"
                },
                {
                    "RowName": "Meta_Bow_Larkwell",
                    "DataTableName": "D_ItemTemplate"
                },
                {
                    "RowName": "Meta_Axe_Larkwell",
                    "DataTableName": "D_ItemTemplate"
                },
                {
                    "RowName": "Meta_Pickaxe_Larkwell",
                    "DataTableName": "D_ItemTemplate"
                },
                {
                    "RowName": "Meta_Knife_Larkwell",
                    "DataTableName": "D_ItemTemplate"
                },
                {
                    "RowName": "Meta_Arrow_Larkwell_Standard_x25",
                    "DataTableName": "D_ItemTemplate"
                },
                {
                    "RowName": "Meta_Arrow_Larkwell_Standard_x25",
                    "DataTableName": "D_ItemTemplate"
                },
                {
                    "RowName": "Meta_Arrow_Larkwell_Standard_x25",
                    "DataTableName": "D_ItemTemplate"
                },
                {
                    "RowName": "Meta_Arrow_Larkwell_Standard_x25",
                    "DataTableName": "D_ItemTemplate"
                },
                {
                    "RowName": "Meta_Arrow_Larkwell_Standard_x25",
                    "DataTableName": "D_ItemTemplate"
                },
                {
                    "RowName": "Meta_Arrow_Larkwell_Standard_x25",
                    "DataTableName": "D_ItemTemplate"
                },
                {
                    "RowName": "Meta_Arrow_Larkwell_Standard_x25",
                    "DataTableName": "D_ItemTemplate"
                },
                {
                    "RowName": "Meta_Arrow_Larkwell_Standard_x25",
                    "DataTableName": "D_ItemTemplate"
                },
                {
                    "RowName": "Meta_Arrow_Larkwell_Standard_x25",
                    "DataTableName": "D_ItemTemplate"
                },
                {
                    "RowName": "Meta_Arrow_Larkwell_Standard_x25",
                    "DataTableName": "D_ItemTemplate"
                },
                {
                    "RowName": "Meta_Arrow_Larkwell_Standard_x25",
                    "DataTableName": "D_ItemTemplate"
                },
                {
                    "RowName": "Meta_Arrow_Larkwell_Standard_x25",
                    "DataTableName": "D_ItemTemplate"
                },
                {
                    "RowName": "Meta_Arrow_Larkwell_Standard_x25",
                    "DataTableName": "D_ItemTemplate"
                },
                {
                    "RowName": "Meta_Arrow_Larkwell_Standard_x25",
                    "DataTableName": "D_ItemTemplate"
                },
                {
                    "RowName": "Meta_Arrow_Larkwell_Standard_x25",
                    "DataTableName": "D_ItemTemplate"
                },
                {
                    "RowName": "Meta_Arrow_Larkwell_Standard_x25",
                    "DataTableName": "D_ItemTemplate"
                },
                {
                    "RowName": "Meta_Arrow_Larkwell_Standard_x25",
                    "DataTableName": "D_ItemTemplate"
                },
                {
                    "RowName": "Meta_Arrow_Larkwell_Standard_x25",
                    "DataTableName": "D_ItemTemplate"
                },
                {
                    "RowName": "Meta_Arrow_Larkwell_Standard_x25",
                    "DataTableName": "D_ItemTemplate"
                },
                {
                    "RowName": "Meta_Arrow_Larkwell_Standard_x25",
                    "DataTableName": "D_ItemTemplate"
                },
                {
                    "RowName": "Meta_Arrow_Larkwell_Standard_x25",
                    "DataTableName": "D_ItemTemplate"
                },
                {
                    "RowName": "Meta_Arrow_Larkwell_Standard_x25",
                    "DataTableName": "D_ItemTemplate"
                },
                {
                    "RowName": "Meta_Arrow_Larkwell_Standard_x25",
                    "DataTableName": "D_ItemTemplate"
                },
                {
                    "RowName": "Meta_Arrow_Larkwell_Standard_x25",
                    "DataTableName": "D_ItemTemplate"
                },
                {
                    "RowName": "Meta_Super_Ration",
                    "DataTableName": "D_ItemTemplate"
                },
                {
                    "RowName": "Meta_Super_Ration",
                    "DataTableName": "D_ItemTemplate"
                },
                {
                    "RowName": "Meta_Super_Ration",
                    "DataTableName": "D_ItemTemplate"
                },
                {
                    "RowName": "Meta_Soda",
                    "DataTableName": "D_ItemTemplate"
                },
                {
                    "RowName": "Meta_Soda",
                    "DataTableName": "D_ItemTemplate"
                },
                {
                    "RowName": "Meta_Soda",
                    "DataTableName": "D_ItemTemplate"
                },
                {
                    "RowName": "Meta_Oxygen_Gel",
                    "DataTableName": "D_ItemTemplate"
                },
                {
                    "RowName": "Meta_Oxygen_Gel",
                    "DataTableName": "D_ItemTemplate"
                },
                {
                    "RowName": "Meta_Oxygen_Gel",
                    "DataTableName": "D_ItemTemplate"
                },
                {
                    "RowName": "Meta_Antibiotic_Vaccine_Charlie",
                    "DataTableName": "D_ItemTemplate"
                },
                {
                    "RowName": "Meta_Antiparasitic_Vaccine_Charlie",
                    "DataTableName": "D_ItemTemplate"
                },
                {
                    "RowName": "Meta_Antipoison_Vaccine_Charlie",
                    "DataTableName": "D_ItemTemplate"
                },
                {
                    "RowName": "Meta_Blood_Thinning_Vaccine_Charlie",
                    "DataTableName": "D_ItemTemplate"
                },
                {
                    "RowName": "Solar_Panel",
                    "DataTableName": "D_ItemTemplate"
                },
                {
                    "RowName": "SplineTool_Electricity",
                    "DataTableName": "D_ItemTemplate"
                },
                {
                    "RowName": "Meta_Furnace_Printed",
                    "DataTableName": "D_ItemTemplate"
                },
                {
                    "RowName": "Meta_Coal_x25",
                    "DataTableName": "D_ItemTemplate"
                }
            ]
        }
    ]
}
