{
    "RowStruct": "/Script/Icarus.EquippableData",
    "Defaults": {
        "EquippableModifier": "None",
        "GrantedStats": {},
        "bStackedModifiersGiveDiminishingReturns": false,
        "GlobalStat_ActorClass": "None",
        "GlobalStat_GrantedStats": {},
        "bAppliesInAllInventories": false,
        "bBindToAllInventoryUpdates": true,
        "bPreventReinitialisation": false
    },
    "Rows": [
        {
            "Name": "Equippable_Test_Stat",
            "EquippableModifier": "/Script/Icarus.EquippableModifier",
            "GrantedStats": {
                "(Value=\"BaseMaximumHealth_+\")": 1000
            }
        },
        {
            "Name": "Equippable_Test_Flag",
            "EquippableModifier": "/Script/Icarus.EquippableModifier"
        },
        {
            "Name": "Equippable_Test_BP",
            "EquippableModifier": "/Game/BP/Behaviours/Equippable/BP_EquippableModifier.BP_EquippableModifier_C"
        },
        {
            "Name": "Module_Compass",
            "EquippableModifier": "/Game/BP/Behaviours/Equippable/BP_EquippableModifier.BP_EquippableModifier_C",
            "GrantedStats": {
                "(Value=\"CanSeeCompass_?\")": 1
            }
        },
        {
            "Name": "Module_Player_Tracker",
            "EquippableModifier": "/Game/BP/Behaviours/Equippable/BP_EquippableModifier_GlobalStat.BP_EquippableModifier_GlobalStat_C",
            "GrantedStats": {
                "(Value=\"MapCanSeeBroadcastOthers_?\")": 1,
                "(Value=\"MapCanSeeSelf_?\")": 1,
                "(Value=\"MapCanSeeVisualMap_?\")": 1,
                "(Value=\"MapCanSeeWaypoint_?\")": 1,
                "(Value=\"MapCanMakeWaypoint_?\")": 1
            },
            "GlobalStat_ActorClass": "/Script/Icarus.IcarusPlayerCharacter",
            "GlobalStat_GrantedStats": {
                "(Value=\"MapIsBroadcastingForMap_?\")": 1
            }
        },
        {
            "Name": "Module_Player_Status",
            "EquippableModifier": "/Game/BP/Behaviours/Equippable/BP_EquippableModifier.BP_EquippableModifier_C",
            "GrantedStats": {
                "(Value=\"CanSeeStatuses_?\")": 1,
                "(Value=\"CanSeeHealth_?\")": 1,
                "(Value=\"CanSeeOtherPlayersBillboards_?\")": 1
            }
        },
        {
            "Name": "Module_Waypoint_Marker",
            "EquippableModifier": "/Game/BP/Behaviours/Equippable/BP_EquippableModifier.BP_EquippableModifier_C",
            "GrantedStats": {
                "(Value=\"MapCanSeeWaypoint_?\")": 1,
                "(Value=\"MapCanMakeWaypoint_?\")": 1
            }
        },
        {
            "Name": "Module_Creature_Tracker",
            "EquippableModifier": "/Game/BP/Behaviours/Equippable/BP_EquippableModifier.BP_EquippableModifier_C",
            "GrantedStats": {
                "(Value=\"MapCanSeeCreatures_?\")": 1
            }
        },
        {
            "Name": "Module_MovementSpeed",
            "EquippableModifier": "/Game/BP/Behaviours/Equippable/BP_EquippableModifier.BP_EquippableModifier_C",
            "GrantedStats": {
                "(Value=\"BaseMovementSpeed_+%\")": 10
            },
            "bStackedModifiersGiveDiminishingReturns": true
        },
        {
            "Name": "Module_FallDamage",
            "EquippableModifier": "/Game/BP/Behaviours/Equippable/BP_EquippableModifier.BP_EquippableModifier_C",
            "GrantedStats": {
                "(Value=\"BaseFallDamageResistance_%\")": 40
            },
            "bStackedModifiersGiveDiminishingReturns": true
        },
        {
            "Name": "Module_Consumption",
            "EquippableModifier": "/Game/BP/Behaviours/Equippable/BP_EquippableModifier.BP_EquippableModifier_C",
            "GrantedStats": {
                "(Value=\"BaseOxygenConsumption_+%\")": -15,
                "(Value=\"BaseFoodConsumption_+%\")": -15,
                "(Value=\"BaseWaterConsumption_+%\")": -15
            },
            "bStackedModifiersGiveDiminishingReturns": true
        },
        {
            "Name": "Module_Slots",
            "EquippableModifier": "/Game/BP/Behaviours/Equippable/BP_EquippableModifier.BP_EquippableModifier_C",
            "GrantedStats": {
                "(Value=\"BaseBackpackSlots_+\")": 3
            }
        },
        {
            "Name": "Module_Slots2",
            "EquippableModifier": "/Game/BP/Behaviours/Equippable/BP_EquippableModifier.BP_EquippableModifier_C",
            "GrantedStats": {
                "(Value=\"BaseBackpackSlots_+\")": 6
            }
        },
        {
            "Name": "Module_Fire_Damage_Resistence",
            "EquippableModifier": "/Game/BP/Behaviours/Equippable/BP_EquippableModifier.BP_EquippableModifier_C",
            "GrantedStats": {
                "(Value=\"BaseFireDamageResistance_%\")": 50
            },
            "bStackedModifiersGiveDiminishingReturns": true
        },
        {
            "Name": "Module_Posion_Damage_Resitance",
            "EquippableModifier": "/Game/BP/Behaviours/Equippable/BP_EquippableModifier.BP_EquippableModifier_C",
            "GrantedStats": {
                "(Value=\"BasePoisonDamageResistance_%\")": 50
            },
            "bStackedModifiersGiveDiminishingReturns": true
        },
        {
            "Name": "Module_Carry_Weight",
            "EquippableModifier": "/Game/BP/Behaviours/Equippable/BP_EquippableModifier.BP_EquippableModifier_C",
            "GrantedStats": {
                "(Value=\"BaseWeightCapacity_+%\")": 15
            },
            "bStackedModifiersGiveDiminishingReturns": true
        },
        {
            "Name": "Backpack_Basic",
            "EquippableModifier": "/Game/BP/Behaviours/Equippable/BP_EquippableModifier.BP_EquippableModifier_C",
            "GrantedStats": {
                "(Value=\"BaseWeightCapacity_+\")": 5,
                "(Value=\"BaseOreCarryWeight_+%\")": -10,
                "(Value=\"BaseBackpackSlots_+\")": 6
            },
            "bBindToAllInventoryUpdates": false
        },
        {
            "Name": "Mining_Backpack",
            "EquippableModifier": "/Game/BP/Behaviours/Equippable/BP_EquippableModifier.BP_EquippableModifier_C",
            "GrantedStats": {
                "(Value=\"BaseOreCarryWeight_+%\")": -45,
                "(Value=\"BaseWoodCarryWeight_+%\")": -45,
                "(Value=\"BaseBackpackSlots_+\")": 6
            },
            "bBindToAllInventoryUpdates": false
        },
        {
            "Name": "Basic_Quiver",
            "EquippableModifier": "/Game/BP/Behaviours/Equippable/BP_EquippableModifier.BP_EquippableModifier_C",
            "GrantedStats": {
                "(Value=\"BaseBowReloadSpeed_+%\")": 25,
                "(Value=\"BaseArrowProjectileSpeed_+%\")": 10,
                "(Value=\"BaseBowAimDownSightsSpeed_+%\")": 10,
                "(Value=\"BaseBackpackSlots_+\")": 6
            },
            "bBindToAllInventoryUpdates": false
        },
        {
            "Name": "Basic_Bandolier",
            "EquippableModifier": "/Game/BP/Behaviours/Equippable/BP_EquippableModifier.BP_EquippableModifier_C",
            "GrantedStats": {
                "(Value=\"BaseFirearmCarryWeight_+%\")": -50,
                "(Value=\"BaseFirearmItemWear_+%\")": -25,
                "(Value=\"BaseFirearmReloadSpeed_+%\")": 25
            }
        },
        {
            "Name": "Equippable_Carcass_Small",
            "EquippableModifier": "/Game/BP/Behaviours/Equippable/BP_EquippableModifier.BP_EquippableModifier_C",
            "GrantedStats": {
                "(Value=\"BaseAnimalCarryingMovementSpeed_+%\")": -10
            }
        },
        {
            "Name": "Equippable_Carcass_Medium",
            "EquippableModifier": "/Game/BP/Behaviours/Equippable/BP_EquippableModifier.BP_EquippableModifier_C",
            "GrantedStats": {
                "(Value=\"BaseAnimalCarryingMovementSpeed_+%\")": -20
            }
        },
        {
            "Name": "Equippable_Carcass_Large",
            "EquippableModifier": "/Game/BP/Behaviours/Equippable/BP_EquippableModifier.BP_EquippableModifier_C",
            "GrantedStats": {
                "(Value=\"BaseAnimalCarryingMovementSpeed_+%\")": -30
            }
        },
        {
            "Name": "Module_Animal_Healthbar",
            "EquippableModifier": "/Game/BP/Behaviours/Equippable/BP_EquippableModifier.BP_EquippableModifier_C",
            "GrantedStats": {
                "(Value=\"CanTrackAnimalHealthbar_?\")": 1
            }
        },
        {
            "Name": "Module_Animal_Highlighting",
            "EquippableModifier": "/Game/BP/Behaviours/Equippable/BP_EquippableModifier.BP_EquippableModifier_C",
            "GrantedStats": {
                "(Value=\"HighlightMediumAnimalsWhenADS_?\")": 1,
                "(Value=\"HighlightLargeAnimalsWhenADS_?\")": 1,
                "(Value=\"HighlightSmallAnimalsWhenADS_?\")": 1
            }
        },
        {
            "Name": "Basic_Survival_Backpack",
            "EquippableModifier": "/Game/BP/Behaviours/Equippable/BP_EquippableModifier.BP_EquippableModifier_C",
            "GrantedStats": {
                "(Value=\"BaseFallDamageResistance_%\")": 25,
                "(Value=\"BaseChanceToResistSprain_%\")": 50,
                "(Value=\"BaseSprainModifierDuration_+%\")": -50,
                "(Value=\"BaseBackpackSlots_+\")": 6,
                "(Value=\"BaseMovementSpeed_+%\")": 5
            },
            "bBindToAllInventoryUpdates": false
        },
        {
            "Name": "Larkwell_Backpack_Alpha",
            "EquippableModifier": "/Game/BP/Behaviours/Equippable/BP_EquippableModifier.BP_EquippableModifier_C",
            "GrantedStats": {
                "(Value=\"BaseShotgunAmmoCapacity_+%\")": 25,
                "(Value=\"BaseShotgunReloadSpeed_+%\")": 25,
                "(Value=\"BaseShotgunProjectileDamage_+%\")": 25
            },
            "bBindToAllInventoryUpdates": false
        },
        {
            "Name": "Larkwell_Backpack_Beta",
            "EquippableModifier": "/Game/BP/Behaviours/Equippable/BP_EquippableModifier.BP_EquippableModifier_C",
            "GrantedStats": {
                "(Value=\"BaseBackpackSlots_+\")": 12,
                "(Value=\"BaseWeightCapacity_+%\")": 15
            },
            "bBindToAllInventoryUpdates": false
        },
        {
            "Name": "Module_Alpha",
            "EquippableModifier": "/Game/BP/Behaviours/Equippable/BP_EquippableModifier.BP_EquippableModifier_C",
            "GrantedStats": {
                "(Value=\"GrantedAuraWeightReduction_?\")": 1
            }
        },
        {
            "Name": "Module_Beta",
            "EquippableModifier": "/Game/BP/Behaviours/Equippable/BP_EquippableModifier.BP_EquippableModifier_C",
            "GrantedStats": {
                "(Value=\"GrantedAuraHealingAfflictions_?\")": 1
            }
        },
        {
            "Name": "Module_World_Boss",
            "EquippableModifier": "/Game/BP/Behaviours/Equippable/BP_EquippableModifier.BP_EquippableModifier_C",
            "GrantedStats": {
                "(Value=\"MapCanSeeWorldBosses_?\")": 1
            }
        },
        {
            "Name": "Saddle_Standard",
            "EquippableModifier": "/Game/BP/Behaviours/Equippable/BP_EquippableModifier_Saddle.BP_EquippableModifier_Saddle_C",
            "GrantedStats": {
                "(Value=\"BaseMountCargoSlots_+\")": 2,
                "(Value=\"BaseMountHeavyCargoSlots_+\")": 1
            }
        },
        {
            "Name": "Saddle_Cargo",
            "EquippableModifier": "/Game/BP/Behaviours/Equippable/BP_EquippableModifier_Saddle.BP_EquippableModifier_Saddle_C",
            "GrantedStats": {
                "(Value=\"BaseMountCargoSlots_+\")": 22,
                "(Value=\"IsSaddleCargoUseOnly_?\")": 1,
                "(Value=\"BaseWeightCapacity_+\")": 300,
                "(Value=\"BaseMountHeavyCargoSlots_+\")": 2
            }
        },
        {
            "Name": "Saddle_Cart",
            "EquippableModifier": "/Game/BP/Behaviours/Equippable/BP_EquippableModifier_Saddle.BP_EquippableModifier_Saddle_C",
            "GrantedStats": {
                "(Value=\"BaseMountCargoSlots_+\")": 60,
                "(Value=\"BaseWeightCapacity_+\")": 1000,
                "(Value=\"BaseMovementSpeed_+\")": -50,
                "(Value=\"BaseMountHeavyCargoSlots_+\")": 5,
                "(Value=\"IsPullingCart_?\")": 1
            }
        },
        {
            "Name": "Module_Temperature",
            "EquippableModifier": "/Game/BP/Behaviours/Equippable/BP_EquippableModifier.BP_EquippableModifier_C",
            "GrantedStats": {
                "(Value=\"BaseHeatResistance_%\")": 10,
                "(Value=\"BaseColdResistance_%\")": 10
            },
            "bStackedModifiersGiveDiminishingReturns": true
        },
        {
            "Name": "Module_Caving",
            "EquippableModifier": "/Game/BP/Behaviours/Equippable/BP_EquippableModifier.BP_EquippableModifier_C",
            "GrantedStats": {
                "(Value=\"BasePneumoniaResistance_%\")": 50,
                "(Value=\"BaseCaveHealthRegen_+%\")": 15,
                "(Value=\"BaseCavewormExtraDamage_+%\")": 15
            },
            "bStackedModifiersGiveDiminishingReturns": true
        },
        {
            "Name": "Module_Extremes",
            "EquippableModifier": "/Game/BP/Behaviours/Equippable/BP_EquippableModifier.BP_EquippableModifier_C",
            "GrantedStats": {
                "(Value=\"BaseHypothermiaResistance_%\")": 50,
                "(Value=\"BaseHyperthermiaResistance_%\")": 50
            },
            "bStackedModifiersGiveDiminishingReturns": true
        },
        {
            "Name": "Module_Fishing",
            "EquippableModifier": "/Game/BP/Behaviours/Equippable/BP_EquippableModifier.BP_EquippableModifier_C",
            "GrantedStats": {
                "(Value=\"BaseChanceToCatchUniqueFish_+%\")": 200,
                "(Value=\"BaseCaughtFishQuality_+%\")": 10
            },
            "bStackedModifiersGiveDiminishingReturns": true
        },
        {
            "Name": "Module_Wounds",
            "EquippableModifier": "/Game/BP/Behaviours/Equippable/BP_EquippableModifier.BP_EquippableModifier_C",
            "GrantedStats": {
                "(Value=\"BaseWoundResistance_%\")": 50,
                "(Value=\"BaseDeepWoundResistance_%\")": 50
            },
            "bStackedModifiersGiveDiminishingReturns": true
        },
        {
            "Name": "Module_Taming",
            "EquippableModifier": "/Game/BP/Behaviours/Equippable/BP_EquippableModifier.BP_EquippableModifier_C",
            "GrantedStats": {
                "(Value=\"BaseTamedCreatureMovementSpeed_+%\")": 25,
                "(Value=\"BaseTamedCreatureMaximumStamina_+%\")": 50
            },
            "bStackedModifiersGiveDiminishingReturns": true
        },
        {
            "Name": "Ironwood_Resources",
            "EquippableModifier": "/Game/BP/Behaviours/Equippable/BP_EquippableModifier_IronwoodResources.BP_EquippableModifier_IronwoodResources_C",
            "bAppliesInAllInventories": true
        },
        {
            "Name": "Farmers_Backpack",
            "EquippableModifier": "/Game/BP/Behaviours/Equippable/BP_EquippableModifier.BP_EquippableModifier_C",
            "GrantedStats": {
                "(Value=\"BaseHarvestingSeedRewards_+%\")": 50,
                "(Value=\"BaseBackpackSlots_+\")": 6,
                "(Value=\"BaseExposureResistance_+%\")": 15,
                "(Value=\"BaseSickleItemWear_+%\")": -25,
                "(Value=\"BaseSickleDamage_+%\")": 50
            },
            "bBindToAllInventoryUpdates": false
        },
        {
            "Name": "Tech_Backpack",
            "EquippableModifier": "/Game/BP/Behaviours/Equippable/BP_EquippableModifier.BP_EquippableModifier_C",
            "GrantedStats": {
                "(Value=\"BaseItemWear_+%\")": -10,
                "(Value=\"BaseMiningCopperRewards_+%\")": 30,
                "(Value=\"BaseMiningGoldRewards_+%\")": 30,
                "(Value=\"BaseMiningPlatinumRewards_+%\")": 30,
                "(Value=\"BaseBackpackSlots_+\")": 6,
                "(Value=\"BaseAttacksCauseElectroshock_%\")": 15
            },
            "bBindToAllInventoryUpdates": false
        },
        {
            "Name": "Hunters_Backpack",
            "EquippableModifier": "/Game/BP/Behaviours/Equippable/BP_EquippableModifier.BP_EquippableModifier_C",
            "GrantedStats": {
                "(Value=\"BaseChanceToHarvestCreatureTrophiesOnSkinning_%\")": 100,
                "(Value=\"BaseSkinningSpeed_+%\")": 50,
                "(Value=\"BaseKnifeSkinningItemWear_+%\")": -75,
                "(Value=\"BasePrimeMeatDropChance_%\")": 50,
                "(Value=\"BaseBackpackSlots_+\")": 12,
                "(Value=\"BaseBowReloadSpeed_+%\")": 35,
                "(Value=\"BaseArrowProjectileSpeed_+%\")": 15,
                "(Value=\"BaseBowAimDownSightsSpeed_+%\")": 15
            },
            "bBindToAllInventoryUpdates": false
        },
        {
            "Name": "Explorers_Backpack",
            "EquippableModifier": "/Game/BP/Behaviours/Equippable/BP_EquippableModifier.BP_EquippableModifier_C",
            "GrantedStats": {
                "(Value=\"BaseMaximumStamina_+%\")": 40,
                "(Value=\"BaseMovementSpeed_+%\")": 10,
                "(Value=\"BaseStaminaRegen_+%\")": 20,
                "(Value=\"BaseAnimalThreatModifier_+%\")": -15
            },
            "bBindToAllInventoryUpdates": false
        },
        {
            "Name": "Chefs_Backpack",
            "EquippableModifier": "/Game/BP/Behaviours/Equippable/BP_EquippableModifier.BP_EquippableModifier_C",
            "GrantedStats": {
                "(Value=\"BaseCookedFoodModifierDuration_+%\")": 25,
                "(Value=\"BaseBackpackSlots_+\")": 12,
                "(Value=\"BaseFoodConsumption_+%\")": -25,
                "(Value=\"BaseWaterConsumption_+%\")": -25,
                "(Value=\"BaseCookedFoodModifierEffectiveness_+%\")": 25,
                "(Value=\"BaseFoodModifierDuration_+%\")": 25
            },
            "bBindToAllInventoryUpdates": false
        },
        {
            "Name": "Medic_Backpack",
            "EquippableModifier": "/Game/BP/Behaviours/Equippable/BP_EquippableModifier.BP_EquippableModifier_C",
            "GrantedStats": {
                "(Value=\"GrantedAuraHealingAfflictions_?\")": 1,
                "(Value=\"GrantedAuraPhysicalDamageResistance_?\")": 1,
                "(Value=\"GrantedAuraHealthRegen_?\")": 1,
                "(Value=\"BaseBackpackSlots_+\")": 6,
                "(Value=\"BaseStaminaActionCost_+%\")": -10,
                "(Value=\"BaseMovementSpeed_+%\")": 5,
                "(Value=\"BaseHealthRestoredOnRevivedDownedPlayer_%\")": 50
            },
            "bBindToAllInventoryUpdates": false
        },
        {
            "Name": "Icebox_Backpack",
            "EquippableModifier": "/Game/BP/Behaviours/Equippable/BP_EquippableModifier_Icebox_Backpack.BP_EquippableModifier_Icebox_Backpack_C",
            "GrantedStats": {
                "(Value=\"BaseBackpackSlots_+\")": 6
            },
            "bBindToAllInventoryUpdates": false,
            "bPreventReinitialisation": true
        },
        {
            "Name": "Saddle_Cart_Farming",
            "EquippableModifier": "/Game/BP/Behaviours/Equippable/BP_EquippableModifier_Saddle.BP_EquippableModifier_Saddle_C",
            "GrantedStats": {
                "(Value=\"BaseMountCargoSlots_+\")": 20,
                "(Value=\"BaseMovementSpeed_+\")": -50,
                "(Value=\"IsPullingCart_?\")": 1,
                "(Value=\"BaseCartActiveMovementSpeed_+%\")": -50
            }
        },
        {
            "Name": "Saddle_Cart_Watering",
            "EquippableModifier": "/Game/BP/Behaviours/Equippable/BP_EquippableModifier_Saddle.BP_EquippableModifier_Saddle_C",
            "GrantedStats": {
                "(Value=\"BaseMountCargoSlots_+\")": 2,
                "(Value=\"BaseMovementSpeed_+\")": -50,
                "(Value=\"IsPullingCart_?\")": 1,
                "(Value=\"BaseCartActiveMovementSpeed_+%\")": -50
            }
        },
        {
            "Name": "Saddle_Laika",
            "EquippableModifier": "/Game/BP/Behaviours/Equippable/BP_EquippableModifier_Saddle.BP_EquippableModifier_Saddle_C",
            "GrantedStats": {
                "(Value=\"BaseComfortLevel_+\")": 20,
                "(Value=\"BaseMeleeDamageResistance_+%\")": 10
            }
        },
        {
            "Name": "Module_Sandworm",
            "EquippableModifier": "/Game/BP/Behaviours/Equippable/BP_EquippableModifier.BP_EquippableModifier_C",
            "GrantedStats": {
                "(Value=\"CanSeeCompass_?\")": 1
            }
        },
        {
            "Name": "Module_Black_Wolf",
            "EquippableModifier": "/Game/BP/Behaviours/Equippable/BP_EquippableModifier.BP_EquippableModifier_C",
            "GrantedStats": {
                "(Value=\"CanSeeCompass_?\")": 1
            }
        },
        {
            "Name": "Module_Scorpion",
            "EquippableModifier": "/Game/BP/Behaviours/Equippable/BP_EquippableModifier.BP_EquippableModifier_C",
            "GrantedStats": {
                "(Value=\"CanSeeCompass_?\")": 1
            }
        },
        {
            "Name": "Module_Lava_Hunter",
            "EquippableModifier": "/Game/BP/Behaviours/Equippable/BP_EquippableModifier.BP_EquippableModifier_C",
            "GrantedStats": {
                "(Value=\"CanSeeCompass_?\")": 1
            }
        },
        {
            "Name": "Module_Slug",
            "EquippableModifier": "/Game/BP/Behaviours/Equippable/BP_EquippableModifier.BP_EquippableModifier_C",
            "GrantedStats": {
                "(Value=\"CanSeeCompass_?\")": 1
            }
        },
        {
            "Name": "Module_Ape",
            "EquippableModifier": "/Game/BP/Behaviours/Equippable/BP_EquippableModifier.BP_EquippableModifier_C",
            "GrantedStats": {
                "(Value=\"BaseBackpackSlots_+\")": 3
            }
        },
        {
            "Name": "Module_IceMammoth",
            "EquippableModifier": "/Game/BP/Behaviours/Equippable/BP_EquippableModifier.BP_EquippableModifier_C",
            "GrantedStats": {
                "(Value=\"BaseBackpackSlots_+\")": 3
            }
        },
        {
            "Name": "Module_Scyther",
            "EquippableModifier": "/Game/BP/Behaviours/Equippable/BP_EquippableModifier.BP_EquippableModifier_C",
            "GrantedStats": {
                "(Value=\"BaseBackpackSlots_+\")": 3
            }
        },
        {
            "Name": "Hornet_Backpack",
            "EquippableModifier": "/Game/BP/Behaviours/Equippable/BP_EquippableModifier.BP_EquippableModifier_C",
            "GrantedStats": {
                "(Value=\"BaseMaximumStamina_+%\")": 40,
                "(Value=\"BaseMovementSpeed_+%\")": 10,
                "(Value=\"BaseStaminaRegen_+%\")": 20,
                "(Value=\"BaseAnimalThreatModifier_+%\")": -15
            },
            "bBindToAllInventoryUpdates": false
        },
        {
            "Name": "Module_Hornet",
            "EquippableModifier": "/Game/BP/Behaviours/Equippable/BP_EquippableModifier.BP_EquippableModifier_C",
            "GrantedStats": {
                "(Value=\"BaseBackpackSlots_+\")": 3
            }
        },
        {
            "Name": "Module_Plant_Boss",
            "EquippableModifier": "/Game/BP/Behaviours/Equippable/BP_EquippableModifier.BP_EquippableModifier_C",
            "GrantedStats": {
                "(Value=\"BaseBackpackSlots_+\")": 3
            }
        },
        {
            "Name": "Module_Cat_Boss",
            "EquippableModifier": "/Game/BP/Behaviours/Equippable/BP_EquippableModifier.BP_EquippableModifier_C",
            "GrantedStats": {
                "(Value=\"BaseBackpackSlots_+\")": 3
            }
        },
        {
            "Name": "Module_Basic_Food",
            "EquippableModifier": "/Game/BP/Behaviours/Equippable/BP_EquippableModifier.BP_EquippableModifier_C",
            "GrantedStats": {
                "(Value=\"BaseFoodConsumption_+%\")": -10
            },
            "bStackedModifiersGiveDiminishingReturns": true
        },
        {
            "Name": "Module_Basic_Oxygen",
            "EquippableModifier": "/Game/BP/Behaviours/Equippable/BP_EquippableModifier.BP_EquippableModifier_C",
            "GrantedStats": {
                "(Value=\"BaseOxygenConsumption_+%\")": -10
            },
            "bStackedModifiersGiveDiminishingReturns": true
        },
        {
            "Name": "Module_Basic_Water",
            "EquippableModifier": "/Game/BP/Behaviours/Equippable/BP_EquippableModifier.BP_EquippableModifier_C",
            "GrantedStats": {
                "(Value=\"BaseWaterConsumption_+%\")": -10
            },
            "bStackedModifiersGiveDiminishingReturns": true
        },
        {
            "Name": "Module_Basic_TamedDamage",
            "EquippableModifier": "/Game/BP/Behaviours/Equippable/BP_EquippableModifier.BP_EquippableModifier_C",
            "GrantedStats": {
                "(Value=\"BaseTamedCreatureMeleeDamage_+%\")": 10,
                "(Value=\"BaseTamedCreatureExperience_+%\")": 10
            },
            "bStackedModifiersGiveDiminishingReturns": true
        },
        {
            "Name": "Module_Basic_XP",
            "EquippableModifier": "/Game/BP/Behaviours/Equippable/BP_EquippableModifier.BP_EquippableModifier_C",
            "GrantedStats": {
                "(Value=\"BaseExperience_+%\")": 15,
                "(Value=\"BaseSharedExperience_+%\")": 15
            },
            "bStackedModifiersGiveDiminishingReturns": true
        },
        {
            "Name": "Module_Basic_StoneGathering",
            "EquippableModifier": "/Game/BP/Behaviours/Equippable/BP_EquippableModifier.BP_EquippableModifier_C",
            "GrantedStats": {
                "(Value=\"BaseVoxelChanceToHarvestSecondaryResource_%\")": 15
            },
            "bStackedModifiersGiveDiminishingReturns": true
        },
        {
            "Name": "Module_Basic_Melee",
            "EquippableModifier": "/Game/BP/Behaviours/Equippable/BP_EquippableModifier.BP_EquippableModifier_C",
            "GrantedStats": {
                "(Value=\"BaseMeleeDamage_+%\")": 10,
                "(Value=\"BaseMeleeDamageResistance_%\")": 5
            },
            "bStackedModifiersGiveDiminishingReturns": true
        },
        {
            "Name": "Module_Basic_HeatResist",
            "EquippableModifier": "/Game/BP/Behaviours/Equippable/BP_EquippableModifier.BP_EquippableModifier_C",
            "GrantedStats": {
                "(Value=\"BaseHeatResistance_%\")": 5
            },
            "bStackedModifiersGiveDiminishingReturns": true
        },
        {
            "Name": "Module_Basic_ColdResist",
            "EquippableModifier": "/Game/BP/Behaviours/Equippable/BP_EquippableModifier.BP_EquippableModifier_C",
            "GrantedStats": {
                "(Value=\"BaseColdResistance_%\")": 5
            },
            "bStackedModifiersGiveDiminishingReturns": true
        },
        {
            "Name": "Module_Basic_ExposureResist",
            "EquippableModifier": "/Game/BP/Behaviours/Equippable/BP_EquippableModifier.BP_EquippableModifier_C",
            "GrantedStats": {
                "(Value=\"BaseExposureResistance_+%\")": 4
            },
            "bStackedModifiersGiveDiminishingReturns": true
        },
        {
            "Name": "Module_Basic_WeightCapacity",
            "EquippableModifier": "/Game/BP/Behaviours/Equippable/BP_EquippableModifier.BP_EquippableModifier_C",
            "GrantedStats": {
                "(Value=\"BaseWeightCapacity_+%\")": 5
            },
            "bStackedModifiersGiveDiminishingReturns": true
        },
        {
            "Name": "Module_Basic_ItemWear",
            "EquippableModifier": "/Game/BP/Behaviours/Equippable/BP_EquippableModifier.BP_EquippableModifier_C",
            "GrantedStats": {
                "(Value=\"BaseItemWear_+%\")": -5
            },
            "bStackedModifiersGiveDiminishingReturns": true
        },
        {
            "Name": "Module_Basic_Night",
            "EquippableModifier": "/Game/BP/Behaviours/Equippable/BP_EquippableModifier.BP_EquippableModifier_C",
            "GrantedStats": {
                "(Value=\"BaseNightMovementSpeed_+%\")": 5,
                "(Value=\"BaseNightFoodConsumption_+%\")": -10,
                "(Value=\"BaseNightWaterConsumption_+%\")": -10,
                "(Value=\"BaseNightOxygenConsumption_+%\")": -10
            },
            "bStackedModifiersGiveDiminishingReturns": true
        },
        {
            "Name": "Module_Food",
            "EquippableModifier": "/Game/BP/Behaviours/Equippable/BP_EquippableModifier.BP_EquippableModifier_C",
            "GrantedStats": {
                "(Value=\"BaseFoodConsumption_+%\")": -15,
                "(Value=\"BaseMaximumFood_+\")": 150
            },
            "bStackedModifiersGiveDiminishingReturns": true
        },
        {
            "Name": "Module_Oxygen",
            "EquippableModifier": "/Game/BP/Behaviours/Equippable/BP_EquippableModifier.BP_EquippableModifier_C",
            "GrantedStats": {
                "(Value=\"BaseOxygenConsumption_+%\")": -15,
                "(Value=\"BaseMaximumOxygen_+\")": 150
            },
            "bStackedModifiersGiveDiminishingReturns": true
        },
        {
            "Name": "Module_Water",
            "EquippableModifier": "/Game/BP/Behaviours/Equippable/BP_EquippableModifier.BP_EquippableModifier_C",
            "GrantedStats": {
                "(Value=\"BaseWaterConsumption_+%\")": -15,
                "(Value=\"BaseMaximumWater_+\")": 150
            },
            "bStackedModifiersGiveDiminishingReturns": true
        },
        {
            "Name": "Module_TamedDamage",
            "EquippableModifier": "/Game/BP/Behaviours/Equippable/BP_EquippableModifier.BP_EquippableModifier_C",
            "GrantedStats": {
                "(Value=\"BaseTamedCreatureMeleeDamage_+%\")": 25
            },
            "bStackedModifiersGiveDiminishingReturns": true
        },
        {
            "Name": "Module_Melee",
            "EquippableModifier": "/Game/BP/Behaviours/Equippable/BP_EquippableModifier.BP_EquippableModifier_C",
            "GrantedStats": {
                "(Value=\"BaseMeleeDamage_+%\")": 15,
                "(Value=\"BaseMeleeDamageResistance_%\")": 10
            },
            "bStackedModifiersGiveDiminishingReturns": true
        },
        {
            "Name": "Module_HeatResist",
            "EquippableModifier": "/Game/BP/Behaviours/Equippable/BP_EquippableModifier.BP_EquippableModifier_C",
            "GrantedStats": {
                "(Value=\"BaseHeatResistance_%\")": 10,
                "(Value=\"BaseHyperthermiaResistance_%\")": 25
            },
            "bStackedModifiersGiveDiminishingReturns": true
        },
        {
            "Name": "Module_ColdResist",
            "EquippableModifier": "/Game/BP/Behaviours/Equippable/BP_EquippableModifier.BP_EquippableModifier_C",
            "GrantedStats": {
                "(Value=\"BaseColdResistance_%\")": 10,
                "(Value=\"BaseHypothermiaResistance_%\")": 25
            },
            "bStackedModifiersGiveDiminishingReturns": true
        },
        {
            "Name": "Module_ExposureResist",
            "EquippableModifier": "/Game/BP/Behaviours/Equippable/BP_EquippableModifier.BP_EquippableModifier_C",
            "GrantedStats": {
                "(Value=\"BaseExposureResistance_+%\")": 6
            },
            "bStackedModifiersGiveDiminishingReturns": true
        },
        {
            "Name": "Module_ItemWear",
            "EquippableModifier": "/Game/BP/Behaviours/Equippable/BP_EquippableModifier.BP_EquippableModifier_C",
            "GrantedStats": {
                "(Value=\"BaseItemWear_+%\")": -10
            },
            "bStackedModifiersGiveDiminishingReturns": true
        },
        {
            "Name": "Module_Night",
            "EquippableModifier": "/Game/BP/Behaviours/Equippable/BP_EquippableModifier.BP_EquippableModifier_C",
            "GrantedStats": {
                "(Value=\"BaseNightMovementSpeed_+%\")": 10,
                "(Value=\"BaseNightFoodConsumption_+%\")": -15,
                "(Value=\"BaseNightWaterConsumption_+%\")": -15,
                "(Value=\"BaseNightOxygenConsumption_+%\")": -15
            },
            "bStackedModifiersGiveDiminishingReturns": true
        },
        {
            "Name": "Module_Highlight",
            "EquippableModifier": "/Game/BP/Behaviours/Equippable/BP_EquippableModifier.BP_EquippableModifier_C",
            "GrantedStats": {
                "(Value=\"HighlightShotProjectile_?\")": 1,
                "(Value=\"HighlightThrownKnife_?\")": 1,
                "(Value=\"HighlightThrownSpear_?\")": 1
            }
        },
        {
            "Name": "Module_StaminaRegen",
            "EquippableModifier": "/Game/BP/Behaviours/Equippable/BP_EquippableModifier.BP_EquippableModifier_C",
            "GrantedStats": {
                "(Value=\"BaseStaminaRegen_+%\")": 10
            },
            "bStackedModifiersGiveDiminishingReturns": true
        },
        {
            "Name": "Module_Basic_StaminaRegen",
            "EquippableModifier": "/Game/BP/Behaviours/Equippable/BP_EquippableModifier.BP_EquippableModifier_C",
            "GrantedStats": {
                "(Value=\"BaseStaminaRegen_+%\")": 5
            },
            "bStackedModifiersGiveDiminishingReturns": true
        },
        {
            "Name": "Lava_Hunter_Backpack",
            "EquippableModifier": "/Game/BP/Behaviours/Equippable/BP_EquippableModifier_Lava_Hunter_Backpack.BP_EquippableModifier_Lava_Hunter_Backpack_C",
            "GrantedStats": {
                "(Value=\"BaseMovementSpeed_+%\")": 10
            },
            "bBindToAllInventoryUpdates": false
        }
    ]
}